NUM,Pot,Group,Plant,Date1,Height1,Date2,Height2,Notes1,Date3,Height3,Notes2,Date4,Height4,Notes3,Date5,Height5,Notes4,Date6,Height6,Notes5,Date7,Height7,Notes6,Date8,Height8,Notes7,Date9,Height9,Notes8,Date10,Height10,Notes9,Date11,Height11,Notes10,Date12,Height12,Notes11,Date13,Height13,Notes12,Date14,Height14,Notes13,Date15,Height15,Notes14,,,,,,,,,,,,,,,,,,,,,,,,,,,,,
1,10,16,Manuka Sapling,17/10/2023,162,18/11/2023,158.5,,12/10/2023,168,,21/01/2024,166,,21/02/2024,174,,21/03/2024,166,,21/04/2024,169,,9/06/2024,170,,9/07/2024,165.5,dead,9/08/2024,165,dead,10/09/2024,164,dead,10/10/2024,163.5,dead,9/11/2025,165.5,dead,9/12/2025,,dead,10/01/2025,168,dead,,,,,,,,,,,,,,,,,,,,,,,,,,,,,
2,10,16,Manuka Seedling,17/10/2023,51,20/11/2023,50.5,,12/10/2023,53,,21/01/2024,51,,21/02/2024,54,,21/03/2024,52.5,,21/04/2024,53.5,,9/06/2024,54,,9/07/2024,52,mostly dead,9/08/2024,50,dead,10/09/2024,49,dead,10/10/2024,53.5,dead,9/11/2025,53,dead,9/12/2025,,dead,10/01/2025,55.5,dead,,,,,,,,,,,,,,,,,,,,,,,,,,,,,
3,10,16,Wattle,17/10/2023,69,20/11/2023,68,,12/10/2023,80,,21/01/2024,99,,21/02/2024,114,,21/03/2024,126,,21/04/2024,152,,9/06/2024,,,9/07/2024,,,9/08/2024,,,10/09/2024,,,10/10/2024,,,9/11/2025,,,9/12/2025,,,10/01/2025,,,,,,,,,,,,,,,,,,,,,,,,,,,,,,,
4,10,16,Nightshade,17/10/2023,31,20/11/2023,36,,12/10/2023,34,,21/01/2024,30,,21/02/2024,27.5,,21/03/2024,25.5,,21/04/2024,30,,9/06/2024,31.5,,9/07/2024,32,aphids present,9/08/2024,33,aphids,10/09/2024,36.5,aphids,10/10/2024,33,,9/11/2025,36.5,,9/12/2025,43,,10/01/2025,25,,,,,,,,,,,,,,,,,,,,,,,,,,,,,,
5,21,2,Manuka Sapling,14/10/2023,123,15/11/2023,134,,12/09/2023,154.5,,20/01/2024,160,,20/02/2024,156,,20/03/2024,156.5,,20/04/2024,154,,9/06/2024,153,,9/07/2024,153.5,,9/08/2024,154.5,dry at the top but green lower down,10/09/2024,145,dry,10/10/2024,145.5,dead,9/11/2025,147,dead,9/12/2025,,dead,10/01/2025,140,dead,,,,,,,,,,,,,,,,,,,,,,,,,,,,,
6,21,2,Wattle,14/10/2023,42.5,15/11/2023,43,,12/09/2023,59,,20/01/2024,55,,20/02/2024,56,,20/03/2024,57,,20/04/2024,68.5,,9/06/2024,63,,9/07/2024,74.5,,9/08/2024,77,lush and green,10/09/2024,79.5,,10/10/2024,75.5,,9/11/2025,83.5,,9/12/2025,96,,10/01/2025,97,,,,,,,,,,,,,,,,,,,,,,,,,,,,,,
7,21,2,Privet,14/10/2023,23.5,15/11/2023,28.5,,12/09/2023,30,,20/01/2024,34,,20/02/2024,41.5,,20/03/2024,42,,20/04/2024,44,,9/06/2024,46,,9/07/2024,52,,9/08/2024,52,,10/09/2024,66.5,,10/10/2024,78,,9/11/2025,96.5,,9/12/2025,115,,10/01/2025,122,,,,,,,,,,,,,,,,,,,,,,,,,,,,,,
8,21,2,Nightshade,14/10/2023,16,15/11/2023,17,,12/09/2023,18,,20/01/2024,19,,20/02/2024,16.5,,20/03/2024,17,,20/04/2024,16,dead,9/06/2024,,,9/07/2024,,,9/08/2024,,,10/09/2024,,,10/10/2024,,,9/11/2025,,,9/12/2025,,,10/01/2025,,,,,,,,,,,,,,,,,,,,,,,,,,,,,,,
9,26,3,Manuka Sapling,17/10/2023,145,18/11/2023,149,,12/10/2023,147.5,,21/01/2024,147,,21/02/2024,147.5,,21/03/2024,148,,21/04/2024,149,,9/06/2024,146.5,,9/07/2024,146.5,,9/08/2024,145.5,,10/09/2024,142,"very dry, mostly dead",10/10/2024,142,dead,9/11/2025,139.5,dead,9/12/2025,,dead,10/01/2025,135.5,dead,,,,,,,,,,,,,,,,,,,,,,,,,,,,,
10,26,3,Manuka Seedling,17/10/2023,46.5,20/11/2023,47,,12/10/2023,47.5,,21/01/2024,51,,21/02/2024,50,,21/03/2024,49.5,,21/04/2024,50,,9/06/2024,,,9/07/2024,,,9/08/2024,,,10/09/2024,,,10/10/2024,,,9/11/2025,,,9/12/2025,,,10/01/2025,,,,,,,,,,,,,,,,,,,,,,,,,,,,,,,
11,26,3,Privet,17/10/2023,19,20/11/2023,21.5,,12/10/2023,22,,21/01/2024,36,,21/02/2024,46.5,,21/03/2024,47,,21/04/2024,48,,9/06/2024,57,,9/07/2024,57,,9/08/2024,62.5,,10/09/2024,65,dry at the top,10/10/2024,72,,9/11/2025,84,,9/12/2025,116,,10/01/2025,145.5,,,,,,,,,,,,,,,,,,,,,,,,,,,,,,
12,26,3,Nightshade,17/10/2023,25.5,20/11/2023,26,,12/10/2023,24.5,,21/01/2024,25,,21/02/2024,34.5,,21/03/2024,23,,21/04/2024,21.5,,9/06/2024,24.5,,9/07/2024,25,,9/08/2024,27,,10/09/2024,22,lost leaves,10/10/2024,19,,9/11/2025,21,,9/12/2025,24,,10/01/2025,26.5,,,,,,,,,,,,,,,,,,,,,,,,,,,,,,
13,41,13,Manuka Sapling,17/10/2023,87,18/11/2023,91,,12/10/2023,95,,21/01/2024,99,,21/02/2024,100,,21/03/2024,99,,21/04/2024,100,,9/06/2024,100,,9/07/2024,99,,9/08/2024,100.5,,10/09/2024,95.5,"very dry, mostly dead",10/10/2024,95,dead,9/11/2025,100,dead,9/12/2025,,dead,10/01/2025,92.5,dead,,,,,,,,,,,,,,,,,,,,,,,,,,,,,
14,41,13,Manuka Seedling,17/10/2023,47,20/11/2023,50,,12/10/2023,53.5,,21/01/2024,57,,21/02/2024,59,,21/03/2024,59,,21/04/2024,59,,9/06/2024,57,dead,9/07/2024,57,dead,9/08/2024,57,dead,10/09/2024,55.5,dead,10/10/2024,57.5,dead,9/11/2025,57,dead,9/12/2025,,dead,10/01/2025,56.5,dead,,,,,,,,,,,,,,,,,,,,,,,,,,,,,
15,41,13,Privet,17/10/2023,29,20/11/2023,33,,12/10/2023,36.5,,21/01/2024,47,,21/02/2024,58.5,,21/03/2024,61,,21/04/2024,62,,9/06/2024,,,9/07/2024,,,9/08/2024,,,10/09/2024,,,10/10/2024,,,9/11/2025,,,9/12/2025,,,10/01/2025,,,,,,,,,,,,,,,,,,,,,,,,,,,,,,,
16,41,13,Nightshade,17/10/2023,20.5,20/11/2023,24.5,,12/10/2023,23,,21/01/2024,26,,21/02/2024,29,,21/03/2024,31,,21/04/2024,38.5,,9/06/2024,43,,9/07/2024,41.5,,9/08/2024,45,,10/09/2024,49.5,,10/10/2024,50,,9/11/2025,55,,9/12/2025,57,,10/01/2025,60,,,,,,,,,,,,,,,,,,,,,,,,,,,,,,
17,49,17,Manuka Sapling,12/10/2023,121,14/11/2023,123.5,,12/08/2023,136.5,,19/01/2024,141.5,,19/02/2024,141,,19/03/2024,141.5,,20/04/2024,141,,9/06/2024,141,,9/07/2024,141,,9/08/2024,144,flowering,10/09/2024,141,flowering,10/10/2024,138.5,flowering,9/11/2025,139,,9/12/2025,134,,10/01/2025,135,mostly dead,,,,,,,,,,,,,,,,,,,,,,,,,,,,,
18,49,17,Manuka Seedling,14/10/2023,40,14/11/2023,40,,12/08/2023,42,,19/01/2024,46,,19/02/2024,45,,19/03/2024,44.5,,20/04/2024,46,,9/06/2024,47,,9/07/2024,47,dead,9/08/2024,46,dead,10/09/2024,46,dead,10/10/2024,46,dead,9/11/2025,44.5,dead,9/12/2025,,dead,10/01/2025,40,dead,,,,,,,,,,,,,,,,,,,,,,,,,,,,,
19,49,17,Wattle,14/10/2023,43.5,14/11/2023,43.5,,12/08/2023,48.5,,19/01/2024,70,,19/02/2024,70,,19/03/2024,75,,20/04/2024,79.5,,9/06/2024,82,,9/07/2024,87,slugged,9/08/2024,92,going strong,10/09/2024,102,,10/10/2024,119,,9/11/2025,151,,9/12/2025,189,,10/01/2025,205.5,psyllids,,,,,,,,,,,,,,,,,,,,,,,,,,,,,
20,49,17,Nightshade,14/10/2023,32,14/11/2023,37,,12/08/2023,41,,19/01/2024,31,,19/02/2024,11,,19/03/2024,13,,20/04/2024,20,,9/06/2024,,,9/07/2024,,,9/08/2024,6.5,sprouted back,10/09/2024,,,10/10/2024,2,grew back,9/11/2025,2.5,sprouted back,9/12/2025,,,10/01/2025,,,,,,,,,,,,,,,,,,,,,,,,,,,,,,,
21,55,13,Manuka Sapling,17/10/2023,132,18/11/2023,130,,12/10/2023,134,,21/01/2024,148,,21/02/2024,174.5,,21/03/2024,177,,21/04/2024,191,,9/06/2024,179,mostly dead,9/07/2024,177.5,dead,9/08/2024,179,dead,10/09/2024,182,dead,10/10/2024,182,dead,9/11/2025,181,dead,9/12/2025,,dead,10/01/2025,183,dead,,,,,,,,,,,,,,,,,,,,,,,,,,,,,
22,55,13,Manuka Seedling,17/10/2023,38,20/11/2023,42.5,,12/10/2023,46,,21/01/2024,49,,21/02/2024,54,,21/03/2024,54,,21/04/2024,56.5,,9/06/2024,,,9/07/2024,,,9/08/2024,,,10/09/2024,,,10/10/2024,,,9/11/2025,,,9/12/2025,,,10/01/2025,,,,,,,,,,,,,,,,,,,,,,,,,,,,,,,
23,55,13,Privet,17/10/2023,13,20/11/2023,21,,12/10/2023,17,,21/01/2024,24.5,,21/02/2024,30.5,,21/03/2024,40,,21/04/2024,40,,9/06/2024,37.5,,9/07/2024,39,,9/08/2024,40,,10/09/2024,49,,10/10/2024,55.5,,9/11/2025,68.5,,9/12/2025,87,,10/01/2025,111,,,,,,,,,,,,,,,,,,,,,,,,,,,,,,
24,55,13,Nightshade,17/10/2023,22.5,20/11/2023,26,,12/10/2023,23,,21/01/2024,36,,21/02/2024,38,,21/03/2024,38,,21/04/2024,37,,9/06/2024,40,,9/07/2024,38,,9/08/2024,39,,10/09/2024,43,,10/10/2024,42,,9/11/2025,46,,9/12/2025,54,,10/01/2025,54,,,,,,,,,,,,,,,,,,,,,,,,,,,,,,
25,64,5,Manuka Sapling,14/10/2023,73,15/11/2023,84.5,,12/09/2023,94,,20/01/2024,98.5,,20/02/2024,104.5,,20/03/2024,105,,20/04/2024,105,,9/06/2024,107,,9/07/2024,106.5,,9/08/2024,104,,10/09/2024,105.5,,10/10/2024,104,,9/11/2025,104.5,mostly dead,9/12/2025,,dead,10/01/2025,104.5,dead,,,,,,,,,,,,,,,,,,,,,,,,,,,,,
26,64,5,Manuka Seedling,14/10/2023,39.5,15/11/2023,39,,12/09/2023,39,,20/01/2024,38,,20/02/2024,41,,20/03/2024,44.5,,20/04/2024,42,,9/06/2024,44.5,,9/07/2024,44.5,,9/08/2024,43,,10/09/2024,43,,10/10/2024,43,,9/11/2025,44.5,dead,9/12/2025,,dead,10/01/2025,34,dead,,,,,,,,,,,,,,,,,,,,,,,,,,,,,
27,64,5,Wattle,14/10/2023,47,15/11/2023,35.5,,12/09/2023,35,,20/01/2024,45,,20/02/2024,49,,20/03/2024,51,,20/04/2024,60.5,,9/06/2024,63.5,,9/07/2024,63,,9/08/2024,68.5,,10/09/2024,68,,10/10/2024,68,,9/11/2025,78,,9/12/2025,95,,10/01/2025,111.5,,,,,,,,,,,,,,,,,,,,,,,,,,,,,,
28,64,5,Privet,14/10/2023,16,15/11/2023,26.5,,12/09/2023,31.5,,20/01/2024,43.5,,20/02/2024,43.5,,20/03/2024,45,,20/04/2024,45,,9/06/2024,,,9/07/2024,,,9/08/2024,,,10/09/2024,,,10/10/2024,,,9/11/2025,13,sprouted back,9/12/2025,17,grew back,10/01/2025,16.5,grew back,,,,,,,,,,,,,,,,,,,,,,,,,,,,,
29,70,4,Manuka Sapling,12/10/2023,91,14/11/2023,90.5,,12/08/2023,93,,19/01/2024,94.5,,19/02/2024,96,,19/03/2024,94,,20/04/2024,91.5,,9/06/2024,95,mostly dead,9/07/2024,90.5,dead,9/08/2024,93,dead,10/09/2024,92.5,dead,10/10/2024,90,dead,9/11/2025,91.5,dead,9/12/2025,,dead,10/01/2025,80,"dead, pulled out",,,,,,,,,,,,,,,,,,,,,,,,,,,,,
30,70,4,Manuka Seedling,14/10/2023,32,14/11/2023,35,,12/08/2023,42,,19/01/2024,47,,19/02/2024,48.5,,19/03/2024,48,,20/04/2024,46,,9/06/2024,48,,9/07/2024,47,,9/08/2024,49.5,,10/09/2024,49.5,,10/10/2024,51,,9/11/2025,62,,9/12/2025,72,,10/01/2025,77,,,,,,,,,,,,,,,,,,,,,,,,,,,,,,
31,70,4,Wattle,14/10/2023,42.5,14/11/2023,54,,12/08/2023,70,,19/01/2024,100,psyllids,19/02/2024,126,,19/03/2024,159.5,,20/04/2024,202.5,,9/06/2024,,,9/07/2024,,,9/08/2024,,,10/09/2024,,,10/10/2024,,,9/11/2025,,,9/12/2025,,,10/01/2025,,,,,,,,,,,,,,,,,,,,,,,,,,,,,,,
32,70,4,Nightshade,14/10/2023,5,14/11/2023,10,,12/08/2023,9,,19/01/2024,10.5,,19/02/2024,11,,19/03/2024,12,,20/04/2024,11.5,,9/06/2024,18,,9/07/2024,15.5,,9/08/2024,20,,10/09/2024,29,,10/10/2024,29,,9/11/2025,33.5,,9/12/2025,57,,10/01/2025,60,,,,,,,,,,,,,,,,,,,,,,,,,,,,,,
33,74,15,Manuka Sapling,12/10/2023,113,14/11/2023,116,,12/08/2023,116.5,,19/01/2024,118,,19/02/2024,122,,19/03/2024,117,,20/04/2024,120,,9/06/2024,125.5,,9/07/2024,124.5,,9/08/2024,121,,10/09/2024,122.5,,10/10/2024,121,,9/11/2025,122,,9/12/2025,123,,10/01/2025,124,struggling,,,,,,,,,,,,,,,,,,,,,,,,,,,,,
34,74,15,Manuka Seedling,12/10/2023,42.5,14/11/2023,45,,12/08/2023,51.5,,19/01/2024,64,,19/02/2024,71,,19/03/2024,78,,20/04/2024,83,,9/06/2024,84.5,,9/07/2024,83,,9/08/2024,83,,10/09/2024,83.5,,10/10/2024,82,,9/11/2025,82,,9/12/2025,82,,10/01/2025,81.5,dead,,,,,,,,,,,,,,,,,,,,,,,,,,,,,
35,74,15,Privet,12/10/2023,11,14/11/2023,13,,12/08/2023,20.5,,19/01/2024,36,,19/02/2024,42,,19/03/2024,43,,20/04/2024,46,,9/06/2024,52,,9/07/2024,47,,9/08/2024,47.5,,10/09/2024,48,,10/10/2024,49,,9/11/2025,48,,9/12/2025,52,,10/01/2025,56,,,,,,,,,,,,,,,,,,,,,,,,,,,,,,
36,74,15,Nightshade,12/10/2023,13,14/11/2023,13,,12/08/2023,9,,19/01/2024,23,,19/02/2024,26,,19/03/2024,32,,20/04/2024,36,,9/06/2024,,,9/07/2024,,,9/08/2024,10,,10/09/2024,,,10/10/2024,,,9/11/2025,,,9/12/2025,,,10/01/2025,,,,,,,,,,,,,,,,,,,,,,,,,,,,,,,
37,79,19,Manuka Sapling,17/10/2023,95,18/11/2023,101.5,,12/10/2023,106,,21/01/2024,106,,21/02/2024,106,,21/03/2024,99.5,,21/04/2024,96,,9/06/2024,95,dead,9/07/2024,95,dead,9/08/2024,92.5,dead,10/09/2024,91,dead,10/10/2024,89,dead,9/11/2025,96,dead,9/12/2025,,dead,10/01/2025,85.5,dead,,,,,,,,,,,,,,,,,,,,,,,,,,,,,
38,79,19,Manuka Seedling,17/10/2023,50,20/11/2023,51.5,,12/10/2023,51,,21/01/2024,40,,21/02/2024,41.5,,21/03/2024,44,,21/04/2024,45,,9/06/2024,46,,9/07/2024,46,,9/08/2024,43.5,,10/09/2024,45,green,10/10/2024,45,,9/11/2025,46,mostly dead?,9/12/2025,,dead,10/01/2025,46.5,dead,,,,,,,,,,,,,,,,,,,,,,,,,,,,,
39,79,19,Wattle,17/10/2023,27.5,20/11/2023,29,,12/10/2023,28.5,,21/01/2024,30,,21/02/2024,41,,21/03/2024,46,,21/04/2024,50,,9/06/2024,55.5,,9/07/2024,52,,9/08/2024,60,,10/09/2024,69,,10/10/2024,76,,9/11/2025,98.5,,9/12/2025,126,,10/01/2025,141,,,,,,,,,,,,,,,,,,,,,,,,,,,,,,
40,79,19,Privet,17/10/2023,32,20/11/2023,36,,12/10/2023,38.5,,21/01/2024,50,,21/02/2024,53,,21/03/2024,66,,21/04/2024,66,,9/06/2024,,,9/07/2024,,,9/08/2024,,,10/09/2024,,,10/10/2024,,,9/11/2025,,,9/12/2025,,,10/01/2025,,,,,,,,,,,,,,,,,,,,,,,,,,,,,,,
41,88,16,Manuka Sapling,17/10/2023,112.5,18/11/2023,112,,12/10/2023,120,,21/01/2024,123.5,,21/02/2024,122,,21/03/2024,122.5,,21/04/2024,110.5,,9/06/2024,108,,9/07/2024,109,,9/08/2024,108,dry,10/09/2024,101,"very dry, mostly dead",10/10/2024,98,dead,9/11/2025,106.5,dead,9/12/2025,,dead,10/01/2025,105,dead,,,,,,,,,,,,,,,,,,,,,,,,,,,,,
42,88,16,Manuka Seedling,17/10/2023,28,20/11/2023,28.5,dead,12/10/2023,27,,21/01/2024,28.5,dead,21/02/2024,26,dead,21/03/2024,,dead,21/04/2024,28.5,dead,9/06/2024,28.5,dead,9/07/2024,28,dead,9/08/2024,27,"dead, fell out",10/09/2024,27,"dead, fell out",10/10/2024,28,"dead, fell out",9/11/2025,,,9/12/2025,,,10/01/2025,,,,,,,,,,,,,,,,,,,,,,,,,,,,,,,
43,88,16,Wattle,17/10/2023,66,20/11/2023,71,switched to 101,12/10/2023,,,21/01/2024,,,21/02/2024,,,21/03/2024,,"dead, gone",21/04/2024,,"dead, gone",9/06/2024,,,9/07/2024,,,9/08/2024,,,10/09/2024,,,10/10/2024,,,9/11/2025,,,9/12/2025,,,10/01/2025,,,,,,,,,,,,,,,,,,,,,,,,,,,,,,,
44,88,16,Nightshade,17/10/2023,13.5,20/11/2023,15,,12/10/2023,16,,21/01/2024,18,,21/02/2024,17,,21/03/2024,17,,21/04/2024,16,,9/06/2024,18.5,,9/07/2024,18,,9/08/2024,17,,10/09/2024,16,,10/10/2024,14,,9/11/2025,12,slugged,9/12/2025,12.6,,10/01/2025,13,,,,,,,,,,,,,,,,,,,,,,,,,,,,,,
45,90,13,Manuka Sapling,17/10/2023,122,18/11/2023,63,?,12/10/2023,64.5,,21/01/2024,66,,21/02/2024,66.5,,21/03/2024,64.5,,21/04/2024,66.5,,9/06/2024,,,9/07/2024,67.5,,9/08/2024,66,,10/09/2024,65,"dry, but still some green",10/10/2024,65.5,,9/11/2025,65.5,dead,9/12/2025,,dead,10/01/2025,65,dead,,,,,,,,,,,,,,,,,,,,,,,,,,,,,
46,90,13,Manuka Seedling,17/10/2023,49,20/11/2023,54,,12/10/2023,54.5,,21/01/2024,56,,21/02/2024,63,,21/03/2024,55.5,,21/04/2024,56,,9/06/2024,,,9/07/2024,55,,9/08/2024,55.5,,10/09/2024,54,mostly dead,10/10/2024,54.5,dead,9/11/2025,54,dead,9/12/2025,,dead,10/01/2025,49.5,dead,,,,,,,,,,,,,,,,,,,,,,,,,,,,,
47,90,13,Privet,17/10/2023,24,20/11/2023,25,,12/10/2023,25,,21/01/2024,39,,21/02/2024,49,,21/03/2024,58,,21/04/2024,61.5,,9/06/2024,,,9/07/2024,,,9/08/2024,,,10/09/2024,3,sprouted back,10/10/2024,,,9/11/2025,3,sprouted back,9/12/2025,,,10/01/2025,4,grew back,,,,,,,,,,,,,,,,,,,,,,,,,,,,,
48,90,13,Nightshade,17/10/2023,31,20/11/2023,32,,12/10/2023,34,,21/01/2024,39.5,,21/02/2024,34,,21/03/2024,34,,21/04/2024,35,,9/06/2024,,,9/07/2024,36,,9/08/2024,38,aphids,10/09/2024,39,,10/10/2024,41.5,,9/11/2025,42,,9/12/2025,53,,10/01/2025,59,,,,,,,,,,,,,,,,,,,,,,,,,,,,,,
49,95,20,Manuka Sapling,14/10/2023,99,15/11/2023,114,,12/09/2023,125,,20/01/2024,135,,20/02/2024,146,,20/03/2024,146,,20/04/2024,147,,9/06/2024,148,,9/07/2024,145.5,,9/08/2024,149,,10/09/2024,148.5,,10/10/2024,142,,9/11/2025,146,dead,9/12/2025,,dead,10/01/2025,134.5,dead,,,,,,,,,,,,,,,,,,,,,,,,,,,,,
50,95,20,Manuka Seedling,14/10/2023,52,15/11/2023,53,,12/09/2023,53.5,,20/01/2024,65,,20/02/2024,62.5,,20/03/2024,66,mostly dead,20/04/2024,66.5,mostly dead,9/06/2024,,,9/07/2024,,,9/08/2024,,,10/09/2024,,,10/10/2024,,,9/11/2025,,,9/12/2025,,,10/01/2025,,,,,,,,,,,,,,,,,,,,,,,,,,,,,,,
51,95,20,Wattle,14/10/2023,31,15/11/2023,33,,12/09/2023,37,,20/01/2024,56,,20/02/2024,61,,20/03/2024,58,,20/04/2024,73.5,slugged,9/06/2024,77.5,,9/07/2024,77,,9/08/2024,76,looking great,10/09/2024,86,,10/10/2024,60.5,,9/11/2025,87,slugged,9/12/2025,73,,10/01/2025,74.5,,,,,,,,,,,,,,,,,,,,,,,,,,,,,,
52,95,20,Privet,14/10/2023,35,15/11/2023,43.5,,12/09/2023,51,,20/01/2024,62,,20/02/2024,85,,20/03/2024,62.5,,20/04/2024,64.5,,9/06/2024,65,,9/07/2024,66,,9/08/2024,68,,10/09/2024,67,,10/10/2024,81,,9/11/2025,87.5,,9/12/2025,96,,10/01/2025,107,,,,,,,,,,,,,,,,,,,,,,,,,,,,,,
53,97,16,Manuka Sapling,14/10/2023,102.5,15/11/2023,111,,12/09/2023,127.5,,20/01/2024,135.5,,20/02/2024,139,,20/03/2024,138,,20/04/2024,138,,9/06/2024,138,,9/07/2024,137,,9/08/2024,139,,10/09/2024,137,extremely dry,10/10/2024,138,dead,9/11/2025,139,dead,9/12/2025,,dead,10/01/2025,139.5,dead,,,,,,,,,,,,,,,,,,,,,,,,,,,,,
54,97,16,Manuka Seedling,14/10/2023,43,15/11/2023,52,,12/09/2023,70,,20/01/2024,71,,20/02/2024,72,,20/03/2024,71.5,,20/04/2024,73,,9/06/2024,71,,9/07/2024,71,,9/08/2024,74.5,,10/09/2024,73,quite dry,10/10/2024,73,dead,9/11/2025,72,dead,9/12/2025,,dead,10/01/2025,72,dead,,,,,,,,,,,,,,,,,,,,,,,,,,,,,
55,97,16,Wattle,14/10/2023,50,15/11/2023,51.5,,12/09/2023,55,,20/01/2024,89,,20/02/2024,106,,20/03/2024,129,,20/04/2024,154,,9/06/2024,,,9/07/2024,,,9/08/2024,,,10/09/2024,,,10/10/2024,,,9/11/2025,,,9/12/2025,,,10/01/2025,,,,,,,,,,,,,,,,,,,,,,,,,,,,,,,
56,97,16,Nightshade,14/10/2023,51,15/11/2023,58,,12/09/2023,54,,20/01/2024,56.5,,20/02/2024,54,,20/03/2024,58,,20/04/2024,55,,9/06/2024,54.5,,9/07/2024,56,,9/08/2024,59.5,,10/09/2024,68,,10/10/2024,66,,9/11/2025,63.5,,9/12/2025,70,,10/01/2025,66.5,,,,,,,,,,,,,,,,,,,,,,,,,,,,,,
57,110,13,Manuka Sapling,11/09/2023,112,14/11/2023,110.5,,12/08/2023,111.5,,19/01/2024,132.5,,19/02/2024,139,,19/03/2024,140,,20/04/2024,142,,9/06/2024,142,,9/07/2024,140.5,,9/08/2024,145.5,flowering,10/09/2024,140.5,flowering,10/10/2024,142.5,flowering a lot,9/11/2025,147,finishing flowering,9/12/2025,157.5,,10/01/2025,174.5,,,,,,,,,,,,,,,,,,,,,,,,,,,,,,
58,110,13,Manuka Seedling,11/09/2023,39,14/11/2023,39,,12/08/2023,38,,19/01/2024,39,,19/02/2024,38,,19/03/2024,37,,20/04/2024,38,,9/06/2024,,,9/07/2024,,,9/08/2024,,,10/09/2024,,,10/10/2024,,,9/11/2025,,,9/12/2025,,,10/01/2025,,,,,,,,,,,,,,,,,,,,,,,,,,,,,,,
59,110,13,Privet,11/09/2023,40.5,14/11/2023,41.5,,12/08/2023,42,,19/01/2024,61.5,,19/02/2024,75.5,,19/03/2024,83,,20/04/2024,84.5,,9/06/2024,86,,9/07/2024,85,,9/08/2024,84.5,,10/09/2024,94.5,,10/10/2024,111,,9/11/2025,128,sun damage,9/12/2025,167,,10/01/2025,178,,,,,,,,,,,,,,,,,,,,,,,,,,,,,,
60,110,13,Nightshade,11/09/2023,28,14/11/2023,30,,12/08/2023,35,,19/01/2024,38,,19/02/2024,39,,19/03/2024,39.5,,20/04/2024,34,,9/06/2024,39,,9/07/2024,41,,9/08/2024,41.5,,10/09/2024,40.5,,10/10/2024,44,,9/11/2025,46,,9/12/2025,56,,10/01/2025,50,,,,,,,,,,,,,,,,,,,,,,,,,,,,,,
61,113,16,Manuka Sapling,12/10/2023,77,14/11/2023,84,,12/08/2023,91.5,,19/01/2024,101,,19/02/2024,109,,19/03/2024,119,,20/04/2024,119,,9/06/2024,121.5,,9/07/2024,118,,9/08/2024,119,,10/09/2024,120,budding,10/10/2024,116,flowering,9/11/2025,114,,9/12/2025,115,,10/01/2025,121,,,,,,,,,,,,,,,,,,,,,,,,,,,,,,
62,113,16,Manuka Seedling,14/10/2023,36.5,14/11/2023,39.5,,12/08/2023,39,,19/01/2024,40.5,,19/02/2024,40.5,,19/03/2024,39.5,,20/04/2024,40,mostly dead,9/06/2024,,,9/07/2024,,,9/08/2024,,,10/09/2024,,,10/10/2024,,,9/11/2025,,,9/12/2025,,,10/01/2025,,,,,,,,,,,,,,,,,,,,,,,,,,,,,,,
63,113,16,Wattle,11/09/2023,39,14/11/2023,41,,12/08/2023,41,,19/01/2024,48,,19/02/2024,50,,19/03/2024,54,,20/04/2024,61,,9/06/2024,57,,9/07/2024,57,,9/08/2024,60.5,,10/09/2024,59,,10/10/2024,66.5,slug herbivory,9/11/2025,62,slug damage,9/12/2025,64,,10/01/2025,95.5,,,,,,,,,,,,,,,,,,,,,,,,,,,,,,
64,113,16,Nightshade,11/09/2023,42.5,14/11/2023,43.5,,12/08/2023,45,,19/01/2024,49,,19/02/2024,45,,19/03/2024,56,,20/04/2024,53,,9/06/2024,53,,9/07/2024,52,,9/08/2024,56.5,,10/09/2024,56,,10/10/2024,55,budding,9/11/2025,55,,9/12/2025,58,,10/01/2025,58,,,,,,,,,,,,,,,,,,,,,,,,,,,,,,
65,115,3,Manuka Sapling,17/10/2023,99,18/11/2023,112,,12/10/2023,124.5,,21/01/2024,127,,21/02/2024,127,,21/03/2024,127,,21/04/2024,128,,9/06/2024,123,,9/07/2024,123,,9/08/2024,120.5,,10/09/2024,120,"very dry, mostly dead",10/10/2024,124,dead,9/11/2025,122,dead,9/12/2025,,dead,10/01/2025,121.5,dead,,,,,,,,,,,,,,,,,,,,,,,,,,,,,
66,115,3,Manuka Seedling,17/10/2023,41.5,20/11/2023,43.5,,12/10/2023,46.5,,21/01/2024,54,,21/02/2024,57.5,,21/03/2024,59,,21/04/2024,58.5,,9/06/2024,58.5,,9/07/2024,60.5,,9/08/2024,58,,10/09/2024,58.5,"very dry, mostly dead",10/10/2024,58,dead,9/11/2025,59,dead,9/12/2025,,dead,10/01/2025,59,dead,,,,,,,,,,,,,,,,,,,,,,,,,,,,,
67,115,3,Privet,17/10/2023,22,20/11/2023,32,,12/10/2023,39,,21/01/2024,49,,21/02/2024,49,,21/03/2024,53,,21/04/2024,53.5,,9/06/2024,55,,9/07/2024,58.5,,9/08/2024,63.5,,10/09/2024,65.5,,10/10/2024,81.5,,9/11/2025,102,,9/12/2025,129,,10/01/2025,132.5,,,,,,,,,,,,,,,,,,,,,,,,,,,,,,
68,115,3,Nightshade,17/10/2023,13.5,20/11/2023,15,,12/10/2023,11,,21/01/2024,11.5,,21/02/2024,9,,21/03/2024,10,,21/04/2024,13.5,,9/06/2024,,,9/07/2024,,,9/08/2024,7.5,sprouted back,10/09/2024,,,10/10/2024,,,9/11/2025,,,9/12/2025,,,10/01/2025,,,,,,,,,,,,,,,,,,,,,,,,,,,,,,,
69,116,5,Manuka Sapling,12/10/2023,108,14/11/2023,112.5,,12/08/2023,118,,19/01/2024,123,,19/02/2024,121,,19/03/2024,117,,19/04/2024,119,mostly dead,9/06/2024,,,11/07/2024,99.5,dead,9/08/2024,98,dead,10/09/2024,95.5,dead,10/10/2024,92.5,dead,9/11/2025,95,dead,9/12/2025,,,10/01/2025,,,,,,,,,,,,,,,,,,,,,,,,,,,,,,,
70,116,5,Manuka Seedling,12/10/2023,49,14/11/2023,49,,12/08/2023,51,,19/01/2024,51.5,,19/02/2024,50,,19/03/2024,51.5,,19/04/2024,51.5,,9/06/2024,,,11/07/2024,49.5,dead,9/08/2024,49.5,dead,10/09/2024,46,dead,10/10/2024,,,9/11/2025,48.5,dead,9/12/2025,,,10/01/2025,,,,,,,,,,,,,,,,,,,,,,,,,,,,,,,
71,116,5,Wattle,11/09/2023,29.5,14/11/2023,28.5,,12/08/2023,29,,19/01/2024,27,,19/02/2024,42,,19/03/2024,31,,19/04/2024,34,,9/06/2024,,,11/07/2024,28,dead,9/08/2024,28.5,dead,10/09/2024,26,dead,10/10/2024,,,9/11/2025,21,dead,9/12/2025,,,10/01/2025,,,,,,,,,,,,,,,,,,,,,,,,,,,,,,,
72,116,5,Privet,12/10/2023,16,14/11/2023,20,,12/08/2023,27,,19/01/2024,33,,19/02/2024,43,,19/03/2024,50.5,,19/04/2024,56,,9/06/2024,,,11/07/2024,,,9/08/2024,,,10/09/2024,,,10/10/2024,,,9/11/2025,,,9/12/2025,,,10/01/2025,,,,,,,,,,,,,,,,,,,,,,,,,,,,,,,
73,121,14,Manuka Sapling,14/10/2023,116,15/11/2023,120.5,,12/09/2023,144,,20/01/2024,165.5,,20/02/2024,179,,20/03/2024,185,,20/04/2024,187.5,,9/06/2024,184,mostly dead,9/07/2024,182,dead,9/08/2024,183,dead,10/09/2024,185,dead,10/10/2024,184,dead,9/11/2025,183,dead,9/12/2025,,dead,10/01/2025,184.5,dead,,,,,,,,,,,,,,,,,,,,,,,,,,,,,
74,121,14,Manuka Seedling,14/10/2023,53,15/11/2023,54,,12/09/2023,67,,20/01/2024,77,,20/02/2024,78.5,,20/03/2024,77,,20/04/2024,76,,9/06/2024,77.5,,9/07/2024,73,dead,9/08/2024,74,dead,10/09/2024,74.5,dead,10/10/2024,70.5,dead,9/11/2025,74,dead,9/12/2025,,dead,10/01/2025,72.5,dead,,,,,,,,,,,,,,,,,,,,,,,,,,,,,
75,121,14,Privet,14/10/2023,32,15/11/2023,29,,12/09/2023,28,,20/01/2024,28,,20/02/2024,33.5,,20/03/2024,38,,20/04/2024,34,,9/06/2024,37.5,,9/07/2024,36,,9/08/2024,37,,10/09/2024,39.5,,10/10/2024,40.5,,9/11/2025,56,,9/12/2025,70,,10/01/2025,77,bushy,,,,,,,,,,,,,,,,,,,,,,,,,,,,,
76,121,14,Nightshade,14/10/2023,32,15/11/2023,33,,12/09/2023,35,,20/01/2024,30,,20/02/2024,32,,20/03/2024,33,,20/04/2024,36,,9/06/2024,,,9/07/2024,,,9/08/2024,,,10/09/2024,,,10/10/2024,,,9/11/2025,,,9/12/2025,,,10/01/2025,,,,,,,,,,,,,,,,,,,,,,,,,,,,,,,
77,122,4,Manuka Sapling,12/10/2023,98,14/11/2023,99,,12/08/2023,94.5,,19/01/2024,100,,19/02/2024,103.5,,19/03/2024,102,,20/04/2024,101,,9/06/2024,104,,9/07/2024,106,,9/08/2024,105,,10/09/2024,104,,10/10/2024,102,,9/11/2025,98.5,dead,9/12/2025,,dead,10/01/2025,100,dead,,,,,,,,,,,,,,,,,,,,,,,,,,,,,
78,122,4,Manuka Seedling,14/10/2023,33,14/11/2023,30,,12/08/2023,39,,19/01/2024,40,,19/02/2024,39.5,,19/03/2024,41,,20/04/2024,41,,9/06/2024,,,9/07/2024,,,9/08/2024,,,10/09/2024,,,10/10/2024,,,9/11/2025,,,9/12/2025,,,10/01/2025,,,,,,,,,,,,,,,,,,,,,,,,,,,,,,,
79,122,4,Wattle,14/10/2023,32,14/11/2023,35.5,,12/08/2023,35,,19/01/2024,53,,19/02/2024,63,,19/03/2024,69,,20/04/2024,88,,9/06/2024,84,,9/07/2024,97,,9/08/2024,99.5,,10/09/2024,120,,10/10/2024,114.5,,9/11/2025,131,,9/12/2025,171,,10/01/2025,189.5,psyllids,,,,,,,,,,,,,,,,,,,,,,,,,,,,,
80,122,4,Nightshade,14/10/2023,20,14/11/2023,32,,12/08/2023,24.5,,19/01/2024,29.5,,19/02/2024,28,,19/03/2024,30,,20/04/2024,28.5,,9/06/2024,31,,9/07/2024,33,,9/08/2024,32,,10/09/2024,36,,10/10/2024,36.5,,9/11/2025,33.5,"lost leaves, yellowing",9/12/2025,38,,10/01/2025,39,,,,,,,,,,,,,,,,,,,,,,,,,,,,,,
81,126,14,Manuka Sapling,17/10/2023,98,18/11/2023,111.5,,12/10/2023,120,,21/01/2024,121.5,,21/02/2024,120,,21/03/2024,116.5,,21/04/2024,112.5,,9/06/2024,118,mostly dead,9/07/2024,119.5,dead,9/08/2024,107,dead,10/09/2024,117.5,dead,10/10/2024,112.5,dead,9/11/2025,119,dead,9/12/2025,,dead,10/01/2025,119,dead,,,,,,,,,,,,,,,,,,,,,,,,,,,,,
82,126,14,Manuka Seedling,17/10/2023,38,20/11/2023,41.5,,12/10/2023,48.5,,21/01/2024,58,,21/02/2024,67,,21/03/2024,69.5,,21/04/2024,68.5,,9/06/2024,69,,9/07/2024,68,,9/08/2024,68,,10/09/2024,69,dry,10/10/2024,69,,9/11/2025,60.5,dead,9/12/2025,,dead,10/01/2025,60.5,dead,,,,,,,,,,,,,,,,,,,,,,,,,,,,,
83,126,14,Privet,17/10/2023,14,20/11/2023,16,,12/10/2023,23.5,,21/01/2024,25.5,,21/02/2024,30,,21/03/2024,31,,21/04/2024,29,,9/06/2024,29.5,,9/07/2024,38,,9/08/2024,41.5,,10/09/2024,55,,10/10/2024,64.5,,9/11/2025,86.5,,9/12/2025,117.5,,10/01/2025,132,,,,,,,,,,,,,,,,,,,,,,,,,,,,,,
84,126,14,Nightshade,17/10/2023,11,20/11/2023,15,,12/10/2023,12,,21/01/2024,11.5,,21/02/2024,13,,21/03/2024,12,,21/04/2024,14,,9/06/2024,,,9/07/2024,,,9/08/2024,,,10/09/2024,,,10/10/2024,,,9/11/2025,,,9/12/2025,,,10/01/2025,,,,,,,,,,,,,,,,,,,,,,,,,,,,,,,
85,127,10,Manuka Sapling,17/10/2023,100,18/11/2023,101,,12/10/2023,106,,21/01/2024,107.5,,21/02/2024,111,,21/03/2024,111,,21/04/2024,111.5,,9/06/2024,112,,9/07/2024,111,flowering,9/08/2024,113.5,flowering,10/09/2024,109.5,"very dry, mostly dead",10/10/2024,111,dead,9/11/2025,109,dead,9/12/2025,,dead,10/01/2025,107.5,dead,,,,,,,,,,,,,,,,,,,,,,,,,,,,,
86,127,10,Wattle,17/10/2023,42.5,20/11/2023,44,,12/10/2023,43,,21/01/2024,55,,21/02/2024,62,,21/03/2024,64,,21/04/2024,76,,9/06/2024,77,,9/07/2024,76,slugged,9/08/2024,80.5,,10/09/2024,70,"very dry, mostly dead",10/10/2024,63,dead,9/11/2025,59.5,dead,9/12/2025,,dead,10/01/2025,49,dead,,,,,,,,,,,,,,,,,,,,,,,,,,,,,
87,127,10,Privet,17/10/2023,14,20/11/2023,22,,12/10/2023,22,,21/01/2024,27,,21/02/2024,27,,21/03/2024,31.5,,21/04/2024,32,,9/06/2024,30.5,,9/07/2024,31,,9/08/2024,34,,10/09/2024,38,,10/10/2024,47.5,,9/11/2025,65,slug damage,9/12/2025,79,,10/01/2025,79,dry,,,,,,,,,,,,,,,,,,,,,,,,,,,,,
88,127,10,Nightshade,17/10/2023,,20/11/2023,?,,12/10/2023,,,21/01/2024,,,21/02/2024,,,21/03/2024,,,21/04/2024,,,9/06/2024,,,9/07/2024,,,9/08/2024,,,10/09/2024,,,10/10/2024,,,9/11/2025,,,9/12/2025,,,10/01/2025,,,,,,,,,,,,,,,,,,,,,,,,,,,,,,,
89,130,12,Manuka Sapling,12/10/2023,108,14/11/2023,110.5,,12/08/2023,110,,19/01/2024,112,,19/02/2024,110,,19/03/2024,109.5,,20/04/2024,110.5,,9/06/2024,108.5,,9/07/2024,111,,9/08/2024,109.5,,10/09/2024,106,,10/10/2024,107.5,,9/11/2025,108,,9/12/2025,107,,10/01/2025,109.5,mostly dead,,,,,,,,,,,,,,,,,,,,,,,,,,,,,
90,130,12,Wattle,11/09/2023,25,14/11/2023,25,,12/08/2023,26,,19/01/2024,29,,19/02/2024,31,,19/03/2024,32,,20/04/2024,34,,9/06/2024,31.5,,9/07/2024,31.5,,9/08/2024,35,yellow,10/09/2024,33.5,scraggly,10/10/2024,24,dead,9/11/2025,24.5,dead,9/12/2025,,dead,10/01/2025,23,dead,,,,,,,,,,,,,,,,,,,,,,,,,,,,,
91,130,12,Privet,14/10/2023,22,14/11/2023,28,,12/08/2023,32,,19/01/2024,43,,19/02/2024,55,,19/03/2024,64.5,,20/04/2024,68,,9/06/2024,,,9/07/2024,,,9/08/2024,4.5,sproutinh back,10/09/2024,,,10/10/2024,,,9/11/2025,,,9/12/2025,,,10/01/2025,,,,,,,,,,,,,,,,,,,,,,,,,,,,,,,
92,130,12,Nightshade,14/10/2023,13,14/11/2023,13.5,,12/08/2023,14.5,,19/01/2024,19,,19/02/2024,25,,19/03/2024,31,,20/04/2024,31,,9/06/2024,33.5,,9/07/2024,33,,9/08/2024,34,,10/09/2024,39,,10/10/2024,39.5,,9/11/2025,43,,9/12/2025,54,,10/01/2025,56.5,,,,,,,,,,,,,,,,,,,,,,,,,,,,,,
93,135,11,Manuka Sapling,12/10/2023,88,14/11/2023,105.5,,12/08/2023,105.5,,19/01/2024,112,,19/02/2024,108,,19/03/2024,119,,20/04/2024,106,,9/06/2024,112,mostly dead,9/07/2024,110.5,dead,9/08/2024,109,dead,10/09/2024,109,dead,10/10/2024,108,dead,9/11/2025,107.5,dead,9/12/2025,,dead,10/01/2025,106.5,dead,,,,,,,,,,,,,,,,,,,,,,,,,,,,,
94,135,11,Wattle,14/10/2023,49.5,14/11/2023,51,,12/08/2023,49,,19/01/2024,53,,19/02/2024,50,,19/03/2024,50,,20/04/2024,53,slugged,9/06/2024,46,dead,9/07/2024,43,dead,9/08/2024,47,dead,10/09/2024,46,dead,10/10/2024,46,dead,9/11/2025,43.5,dead,9/12/2025,,dead,10/01/2025,28.5,dead,,,,,,,,,,,,,,,,,,,,,,,,,,,,,
95,135,11,Privet,14/10/2023,19,14/11/2023,24.5,,12/08/2023,27,,19/01/2024,32,,19/02/2024,37,,19/03/2024,38,,20/04/2024,37.5,,9/06/2024,40,,9/07/2024,49,,9/08/2024,50.5,,10/09/2024,74,,10/10/2024,80.5,,9/11/2025,91,,9/12/2025,107,,10/01/2025,128,,,,,,,,,,,,,,,,,,,,,,,,,,,,,,
96,135,11,Nightshade,14/10/2023,18.5,14/11/2023,18.5,,12/08/2023,20,,19/01/2024,20,,19/02/2024,20,,19/03/2024,21,,20/04/2024,26,,9/06/2024,,,9/07/2024,,,9/08/2024,,,10/09/2024,,,10/10/2024,,,9/11/2025,,,9/12/2025,,,10/01/2025,,,,,,,,,,,,,,,,,,,,,,,,,,,,,,,
97,157,2,Manuka Sapling,12/10/2023,81,14/11/2023,84.5,,12/08/2023,87,,19/01/2024,90.5,,19/02/2024,90,,19/03/2024,91.5,,20/04/2024,88.5,,9/06/2024,92.5,,15/07/2024,92.5,,9/08/2024,92,,10/09/2024,91,,10/10/2024,91.5,,9/11/2025,91.5,,9/12/2025,91,,10/01/2025,93,,,,,,,,,,,,,,,,,,,,,,,,,,,,,,
98,157,2,Wattle,12/10/2023,25,14/11/2023,24,,12/08/2023,26.5,,19/01/2024,28,,19/02/2024,27,,19/03/2024,29,,20/04/2024,27.5,,9/06/2024,,,9/07/2024,,,9/08/2024,,,10/09/2024,,,10/10/2024,,,9/11/2025,,,9/12/2025,,,10/01/2025,,,,,,,,,,,,,,,,,,,,,,,,,,,,,,,
99,157,2,Privet,12/10/2023,22,14/11/2023,29,,12/08/2023,19,,19/01/2024,56,,19/02/2024,56,,19/03/2024,60,,20/04/2024,58.5,,9/06/2024,,,9/07/2024,,,9/08/2024,,,10/09/2024,,,10/10/2024,,,9/11/2025,,,9/12/2025,,,10/01/2025,,,,,,,,,,,,,,,,,,,,,,,,,,,,,,,
100,157,2,Nightshade,12/10/2023,53,14/11/2023,56,,12/08/2023,60,,19/01/2024,49,,19/02/2024,56,,19/03/2024,52,,20/04/2024,54,,9/06/2024,,,9/07/2024,,,9/08/2024,8,sprouted back,10/09/2024,,,10/10/2024,,,9/11/2025,17,"sprouted back, aphids",9/12/2025,30,,10/01/2025,40,grew back,,,,,,,,,,,,,,,,,,,,,,,,,,,,,
101,174,9,Manuka Sapling,12/10/2023,83,14/11/2023,86.5,,12/08/2023,94,,19/01/2024,106.5,,19/02/2024,109,,19/03/2024,163,,20/04/2024,163.5,,9/06/2024,111.5,,9/07/2024,110.5,,9/08/2024,110,,10/09/2024,111,,10/10/2024,110,,9/11/2025,109.5,,9/12/2025,108,,10/01/2025,111,,,,,,,,,,,,,,,,,,,,,,,,,,,,,,
102,174,9,Wattle,14/10/2023,40.5,14/11/2023,42.5,,12/08/2023,45,,19/01/2024,55,,19/02/2024,62,,19/03/2024,62.5,,20/04/2024,65,,9/06/2024,,,9/07/2024,,,9/08/2024,,,10/09/2024,,,10/10/2024,,,9/11/2025,,,9/12/2025,,,10/01/2025,,,,,,,,,,,,,,,,,,,,,,,,,,,,,,,
103,174,9,Privet,14/10/2023,25,14/11/2023,27,,12/08/2023,25.5,,19/01/2024,38.5,,19/02/2024,40,,19/03/2024,47.5,,20/04/2024,51.5,,9/06/2024,50,,9/07/2024,50,,9/08/2024,50,,10/09/2024,63,,10/10/2024,72,,9/11/2025,76.5,,9/12/2025,95,,10/01/2025,98.5,,,,,,,,,,,,,,,,,,,,,,,,,,,,,,
104,174,9,Nightshade,14/10/2023,26,14/11/2023,28.5,,12/08/2023,30,,19/01/2024,33,,19/02/2024,30,,19/03/2024,32,,20/04/2024,30,,9/06/2024,30.5,,9/07/2024,31.5,,9/08/2024,28,,10/09/2024,31,,10/10/2024,31,,9/11/2025,35.5,,9/12/2025,38,,10/01/2025,37,,,,,,,,,,,,,,,,,,,,,,,,,,,,,,
105,178,3,Manuka Sapling,14/10/2023,83,15/11/2023,90,,12/09/2023,98,,20/01/2024,102,,20/02/2024,103.5,,20/03/2024,102,,20/04/2024,102.5,,9/06/2024,102,dead,9/07/2024,102.5,dead,9/08/2024,103,dead,10/09/2024,102,dead,10/10/2024,98.5,dead,9/11/2025,98,dead,9/12/2025,,dead,10/01/2025,92,dead,,,,,,,,,,,,,,,,,,,,,,,,,,,,,
106,178,3,Manuka Seedling,14/10/2023,49,15/11/2023,43,,12/09/2023,45,,20/01/2024,51,,20/02/2024,53,,20/03/2024,53,,20/04/2024,54,,9/06/2024,49,,9/07/2024,54,,9/08/2024,55,,10/09/2024,53,,10/10/2024,56,dead,9/11/2025,53.5,dead,9/12/2025,,dead,10/01/2025,52.5,dead,,,,,,,,,,,,,,,,,,,,,,,,,,,,,
107,178,3,Privet,14/10/2023,32.5,15/11/2023,34,,12/09/2023,37,,20/01/2024,31.5,,20/02/2024,30,,20/03/2024,32,,20/04/2024,36,,9/06/2024,,,9/07/2024,,,9/08/2024,,,10/09/2024,,,10/10/2024,,,9/11/2025,,,9/12/2025,,,10/01/2025,,,,,,,,,,,,,,,,,,,,,,,,,,,,,,,
108,178,3,Nightshade,14/10/2023,30,15/11/2023,28.5,,12/09/2023,39,,20/01/2024,39,,20/02/2024,38,,20/03/2024,40,,20/04/2024,39,,9/06/2024,42,,9/07/2024,44,,9/08/2024,45,,10/09/2024,48.5,,10/10/2024,54,,9/11/2025,59,,9/12/2025,65,,10/01/2025,55,,,,,,,,,,,,,,,,,,,,,,,,,,,,,,
109,186,13,Manuka Sapling,12/10/2023,80.5,14/11/2023,94,,12/08/2023,105,,19/01/2024,109,,19/02/2024,109,,19/03/2024,109,,20/04/2024,109,,9/06/2024,107,,9/07/2024,108.5,,9/08/2024,110,,10/09/2024,107.5,,10/10/2024,104,,9/11/2025,104.5,,9/12/2025,103,,10/01/2025,106,dead,,,,,,,,,,,,,,,,,,,,,,,,,,,,,
110,186,13,Manuka Seedling,14/10/2023,51,14/11/2023,51.5,,12/08/2023,51,,19/01/2024,65,,19/02/2024,68,,19/03/2024,69,,20/04/2024,68,,9/06/2024,55,,9/07/2024,69.5,,9/08/2024,69,,10/09/2024,69.5,,10/10/2024,67.5,,9/11/2025,69,,9/12/2025,67,,10/01/2025,69.5,dead,,,,,,,,,,,,,,,,,,,,,,,,,,,,,
111,186,13,Privet,14/10/2023,19,14/11/2023,20,,12/08/2023,24.5,,19/01/2024,38,,19/02/2024,50,,19/03/2024,57.5,,20/04/2024,71,,9/06/2024,,,9/07/2024,,,9/08/2024,5,"sprouting back, but thin leaves",10/09/2024,,,10/10/2024,,,9/11/2025,,,9/12/2025,,,10/01/2025,,,,,,,,,,,,,,,,,,,,,,,,,,,,,,,
112,186,13,Nightshade,14/10/2023,21.5,14/11/2023,23.5,,12/08/2023,25,,19/01/2024,29,,19/02/2024,39,,19/03/2024,42,,20/04/2024,41,,9/06/2024,43,,9/07/2024,41.5,,9/08/2024,44,,10/09/2024,50,,10/10/2024,52,,9/11/2025,55,,9/12/2025,55,,10/01/2025,62,,,,,,,,,,,,,,,,,,,,,,,,,,,,,,
113,194,20,Manuka Sapling,12/10/2023,80,14/11/2023,81,,12/08/2023,85.5,,19/01/2024,90,,19/02/2024,77.5,,19/03/2024,80.5,,20/04/2024,80.5,,9/06/2024,80.5,,9/07/2024,80,,9/08/2024,81.5,,10/09/2024,79.5,,10/10/2024,80,,9/11/2025,84,,9/12/2025,87.5,,10/01/2025,88,,,,,,,,,,,,,,,,,,,,,,,,,,,,,,
114,194,20,Manuka Seedling,14/10/2023,42,14/11/2023,42,,12/08/2023,45.5,,19/01/2024,50.5,,19/02/2024,51,,19/03/2024,53,,20/04/2024,52.5,,9/06/2024,49,,9/07/2024,45.5,,9/08/2024,50,,10/09/2024,47,,10/10/2024,47.5,,9/11/2025,48.5,mostly dead,9/12/2025,,dead,10/01/2025,47,dead,,,,,,,,,,,,,,,,,,,,,,,,,,,,,
115,194,20,Wattle,14/10/2023,48,14/11/2023,43.5,,12/08/2023,50,,19/01/2024,28,,19/02/2024,73,,19/03/2024,72,,20/04/2024,85,,9/06/2024,,,9/07/2024,,,9/08/2024,,,10/09/2024,,,10/10/2024,,,9/11/2025,,,9/12/2025,,,10/01/2025,,,,,,,,,,,,,,,,,,,,,,,,,,,,,,,
116,194,20,Privet,14/10/2023,16,14/11/2023,17.5,,12/08/2023,21,,19/01/2024,66,,19/02/2024,31,,19/03/2024,36.5,,20/04/2024,36.5,,9/06/2024,45.5,,9/07/2024,46.5,,9/08/2024,56.5,,10/09/2024,59.5,,10/10/2024,75,,9/11/2025,94,,9/12/2025,117,,10/01/2025,132,,,,,,,,,,,,,,,,,,,,,,,,,,,,,,
117,216,3,Manuka Sapling,12/10/2023,63,14/11/2023,59.5,,12/08/2023,66,,19/01/2024,68.5,,19/02/2024,69.5,dead,19/03/2024,70,,20/04/2024,71,,9/06/2024,75.5,mostly dead,9/07/2024,74,mostly dead,9/08/2024,75,dead,10/09/2024,74,dead,10/10/2024,72,dead,9/11/2025,75,dead,9/12/2025,,dead,10/01/2025,72.5,dead,,,,,,,,,,,,,,,,,,,,,,,,,,,,,
118,216,3,Manuka Seedling,14/10/2023,16,14/11/2023,61,,12/08/2023,59.5,,19/01/2024,65.5,,19/02/2024,66.5,,19/03/2024,66.5,,20/04/2024,65,,9/06/2024,66.5,,9/07/2024,61,mostly dead,9/08/2024,66.5,dead,10/09/2024,67,dead,10/10/2024,65,dead,9/11/2025,66,dead,9/12/2025,,dead,10/01/2025,64,dead,,,,,,,,,,,,,,,,,,,,,,,,,,,,,
119,216,3,Privet,14/10/2023,33.5,14/11/2023,44,,12/08/2023,47,,19/01/2024,57,,19/02/2024,72,,19/03/2024,78,,20/04/2024,78,,9/06/2024,81,,9/07/2024,78,,9/08/2024,86,,10/09/2024,96,,10/10/2024,111,,9/11/2025,128.5,,9/12/2025,154,,10/01/2025,181.5,,,,,,,,,,,,,,,,,,,,,,,,,,,,,,
120,216,3,Nightshade,14/10/2023,41,14/11/2023,43,,12/08/2023,46,,19/01/2024,61.5,,19/02/2024,60,,19/03/2024,61,,20/04/2024,68.5,,9/06/2024,,,9/07/2024,,,9/08/2024,2,grew back,10/09/2024,7,grew back,10/10/2024,9.5,grew back,9/11/2025,9.5,grew back,9/12/2025,12.8,,10/01/2025,11.5,grew back,,,,,,,,,,,,,,,,,,,,,,,,,,,,,
121,221,2,Manuka Sapling,12/10/2023,129,14/11/2023,132,,12/08/2023,146.5,,19/01/2024,153,,19/02/2024,151,,19/03/2024,151,,20/04/2024,153,,9/06/2024,153,,9/07/2024,154,,9/08/2024,157,,10/09/2024,152,budding,10/10/2024,152.5,,9/11/2025,150,,9/12/2025,146,,10/01/2025,152,,,,,,,,,,,,,,,,,,,,,,,,,,,,,,
122,221,2,Wattle,14/10/2023,32,14/11/2023,34.5,,12/08/2023,38.5,,19/01/2024,51.5,,19/02/2024,57.5,,19/03/2024,61.5,,20/04/2024,69.5,,9/06/2024,,,9/07/2024,,,9/08/2024,,,10/09/2024,,,10/10/2024,,,9/11/2025,,,9/12/2025,,,10/01/2025,,,,,,,,,,,,,,,,,,,,,,,,,,,,,,,
123,221,2,Privet,14/10/2023,9,14/11/2023,13.5,,12/08/2023,17,,19/01/2024,18,,19/02/2024,20.5,,19/03/2024,20,,20/04/2024,20,,9/06/2024,23.5,,9/07/2024,24,,9/08/2024,25.5,,10/09/2024,31,,10/10/2024,36,,9/11/2025,32,,9/12/2025,41,,10/01/2025,45,,,,,,,,,,,,,,,,,,,,,,,,,,,,,,
124,221,2,Nightshade,14/10/2023,50,14/11/2023,50,,12/08/2023,46,,19/01/2024,52,,19/02/2024,53,,19/03/2024,,,20/04/2024,51,,9/06/2024,53,,9/07/2024,52.5,,9/08/2024,49.5,,10/09/2024,51,,10/10/2024,53,,9/11/2025,44,,9/12/2025,56,,10/01/2025,58,,,,,,,,,,,,,,,,,,,,,,,,,,,,,,
125,224,10,Manuka Sapling,12/10/2023,49.5,14/11/2023,54.5,,12/08/2023,66.5,,19/01/2024,86,,19/02/2024,87,,19/03/2024,85.5,,20/04/2024,84,,9/06/2024,83,,15/07/2024,84,,9/08/2024,85,,10/09/2024,79.5,,10/10/2024,80,,9/11/2025,81,,9/12/2025,83.5,,10/01/2025,90.5,,,,,,,,,,,,,,,,,,,,,,,,,,,,,,
126,224,10,Wattle,14/10/2023,17,14/11/2023,31,,12/08/2023,35,,19/01/2024,57.5,,19/02/2024,56,,19/03/2024,60,,20/04/2024,60,,9/06/2024,,,9/07/2024,,,9/08/2024,,,10/09/2024,,,10/10/2024,,,9/11/2025,,,9/12/2025,,,10/01/2025,,,,,,,,,,,,,,,,,,,,,,,,,,,,,,,
127,224,10,Privet,14/10/2023,27.5,14/11/2023,38,,12/08/2023,47,,19/01/2024,61,,19/02/2024,62,,19/03/2024,70.5,,20/04/2024,73,,9/06/2024,,,9/07/2024,,,9/08/2024,,,10/09/2024,,,10/10/2024,,,9/11/2025,,,9/12/2025,13,sprouted back,10/01/2025,21,,,,,,,,,,,,,,,,,,,,,,,,,,,,,,
128,224,10,Nightshade,14/10/2023,26,14/11/2023,32.5,,12/08/2023,24,,19/01/2024,33.5,,19/02/2024,45,,19/03/2024,43.5,,20/04/2024,43,,9/06/2024,,,9/07/2024,,,9/08/2024,11,sprouted back very bushy,10/09/2024,,,10/10/2024,,,9/11/2025,,,9/12/2025,,,10/01/2025,,,,,,,,,,,,,,,,,,,,,,,,,,,,,,,
129,230,20,Manuka Sapling,12/10/2023,113,14/11/2023,112.5,,12/08/2023,112,,19/01/2024,138.5,,19/02/2024,149,,19/03/2024,151,,20/04/2024,153.5,,9/06/2024,153,,9/07/2024,153,,9/08/2024,153,,10/09/2024,154,,10/10/2024,154.5,flowering,9/11/2025,154.5,,9/12/2025,151,,10/01/2025,159,,,,,,,,,,,,,,,,,,,,,,,,,,,,,,
130,230,20,Manuka Seedling,14/10/2023,36,14/11/2023,35,,12/08/2023,37,,19/01/2024,41.5,,19/02/2024,41,,19/03/2024,43.5,,20/04/2024,44.5,,9/06/2024,43.5,,9/07/2024,43.5,,9/08/2024,45,,10/09/2024,43.5,,10/10/2024,43,,9/11/2025,41.5,,9/12/2025,41.5,,10/01/2025,41.5,dead,,,,,,,,,,,,,,,,,,,,,,,,,,,,,
131,230,20,Wattle,14/10/2023,20.5,14/11/2023,20.5,,12/08/2023,23.5,,19/01/2024,27.5,,19/02/2024,30.5,,19/03/2024,30,,20/04/2024,29,psyllids,9/06/2024,,,9/07/2024,,,9/08/2024,,,10/09/2024,,,10/10/2024,,,9/11/2025,,,9/12/2025,,,10/01/2025,,,,,,,,,,,,,,,,,,,,,,,,,,,,,,,
132,230,20,Privet,14/10/2023,32,14/11/2023,42,,12/08/2023,45,,19/01/2024,71.5,,19/02/2024,87,,19/03/2024,109,,20/04/2024,113.5,,9/06/2024,110,,9/07/2024,109,leaf vein slugs,9/08/2024,114,,10/09/2024,120.5,,10/10/2024,130,,9/11/2025,153.5,sun damage,9/12/2025,201,,10/01/2025,246,,,,,,,,,,,,,,,,,,,,,,,,,,,,,,
133,237,15,Manuka Sapling,12/10/2023,110,14/11/2023,114.5,,12/08/2023,121,,19/01/2024,128,,19/02/2024,133.5,,19/03/2024,134,,20/04/2024,127,,9/06/2024,132.5,,9/07/2024,131,,9/08/2024,134.5,,10/09/2024,130.5,,10/10/2024,136.5,,9/11/2025,141.5,,9/12/2025,149,,10/01/2025,151.5,,,,,,,,,,,,,,,,,,,,,,,,,,,,,,
134,237,15,Manuka Seedling,14/10/2023,50,14/11/2023,57,,12/08/2023,68,,19/01/2024,86,,19/02/2024,91.5,,19/03/2024,91.5,,20/04/2024,90,,9/06/2024,,,9/07/2024,,,9/08/2024,,,10/09/2024,,,10/10/2024,,,9/11/2025,,,9/12/2025,,,10/01/2025,,,,,,,,,,,,,,,,,,,,,,,,,,,,,,,
135,237,15,Privet,14/10/2023,19,14/11/2023,25.5,,12/08/2023,27.5,,19/01/2024,38.5,,19/02/2024,40,,19/03/2024,48,,20/04/2024,46.5,,9/06/2024,42.5,slug damage,9/07/2024,44,munched on,9/08/2024,49,,10/09/2024,59,,10/10/2024,69,,9/11/2025,72,,9/12/2025,96.5,,10/01/2025,103.5,,,,,,,,,,,,,,,,,,,,,,,,,,,,,,
136,237,15,Nightshade,14/10/2023,17.5,14/11/2023,20.5,,12/08/2023,20.5,,19/01/2024,23,,19/02/2024,19,,19/03/2024,23,,20/04/2024,25,,9/06/2024,24.5,,9/07/2024,28,,9/08/2024,29,,10/09/2024,27,,10/10/2024,30,,9/11/2025,36,,9/12/2025,33,,10/01/2025,31.5,,,,,,,,,,,,,,,,,,,,,,,,,,,,,,
137,240,10,Manuka Sapling,17/10/2023,103.5,18/11/2023,120,,12/10/2023,127.5,,21/01/2024,133.5,,21/02/2024,131.5,,21/03/2024,140,,21/04/2024,139,,9/06/2024,139,mostly dead,9/07/2024,138,dead,9/08/2024,141.5,dead,10/09/2024,136.5,"very dry, mostly dead",10/10/2024,,,9/11/2025,135,dead,9/12/2025,,dead,10/01/2025,142,dead,,,,,,,,,,,,,,,,,,,,,,,,,,,,,
138,240,10,Wattle,17/10/2023,44.5,20/11/2023,46.5,,12/10/2023,50.5,,21/01/2024,54,,21/02/2024,53.5,,21/03/2024,57,,21/04/2024,55.5,,9/06/2024,56.5,,9/07/2024,55.5,,9/08/2024,56,,10/09/2024,69,,10/10/2024,,,9/11/2025,69,dead,9/12/2025,,dead,10/01/2025,49,dead,,,,,,,,,,,,,,,,,,,,,,,,,,,,,
139,240,10,Privet,17/10/2023,53.5,20/11/2023,57,,12/10/2023,62,,21/01/2024,64,,21/02/2024,68,,21/03/2024,71,,21/04/2024,76.5,,9/06/2024,76,,9/07/2024,73,slugged,9/08/2024,72.5,mostly dead,10/09/2024,58,,10/10/2024,,,9/11/2025,56.5,dead,9/12/2025,,dead,10/01/2025,54.5,dead,,,,,,,,,,,,,,,,,,,,,,,,,,,,,
140,240,10,Nightshade,17/10/2023,32.5,20/11/2023,53,,12/10/2023,60,,21/01/2024,86,,21/02/2024,98.5,,21/03/2024,99,,21/04/2024,104,,9/06/2024,,,9/07/2024,,,9/08/2024,,,10/09/2024,,,10/10/2024,,,9/11/2025,,,9/12/2025,,,10/01/2025,,,,,,,,,,,,,,,,,,,,,,,,,,,,,,,
141,246,15,Manuka Sapling,14/10/2023,190.5,15/11/2023,120.5,,12/09/2023,132,,20/01/2024,147,,20/02/2024,153,,20/03/2024,153,,20/04/2024,155,,9/06/2024,152,,15/07/2024,152,mostly dead,9/08/2024,148,dead,10/09/2024,145.5,dead,10/10/2024,143.5,dead,9/11/2025,,,9/12/2025,,dead,10/01/2025,147.5,dead,,,,,,,,,,,,,,,,,,,,,,,,,,,,,
142,246,15,Manuka Seedling,14/10/2023,41,15/11/2023,46.5,,12/09/2023,49,,20/01/2024,52,,20/02/2024,56,,20/03/2024,56,,20/04/2024,56,,9/06/2024,55.5,,15/07/2024,57,,9/08/2024,51,mostly dead,10/09/2024,50.5,,10/10/2024,51,dead,9/11/2025,,,9/12/2025,,dead,10/01/2025,51,dead,,,,,,,,,,,,,,,,,,,,,,,,,,,,,
143,246,15,Privet,14/10/2023,30,15/11/2023,33,,12/09/2023,32,,20/01/2024,30,,20/02/2024,42,,20/03/2024,42,,20/04/2024,42.5,,9/06/2024,,,15/07/2024,,,9/08/2024,5,sprouted back,10/09/2024,,,10/10/2024,,,9/11/2025,,,9/12/2025,,,10/01/2025,3,grew back,,,,,,,,,,,,,,,,,,,,,,,,,,,,,
144,246,15,Nightshade,14/10/2023,36,15/11/2023,42,,12/09/2023,49,,20/01/2024,51,,20/02/2024,54.5,,20/03/2024,59.5,,20/04/2024,71,,9/06/2024,66,,15/07/2024,68,,9/08/2024,69,,10/09/2024,69.5,,10/10/2024,73,,9/11/2025,,,9/12/2025,,85,10/01/2025,85,,,,,,,,,,,,,,,,,,,,,,,,,,,,,,
145,249,19,Manuka Sapling,14/10/2023,147,15/11/2023,171.5,,12/09/2023,179.5,,20/01/2024,187,,20/02/2024,198,,20/03/2024,185,,20/04/2024,198,,9/06/2024,197,,9/07/2024,190,,9/08/2024,182.5,mostly dead,10/09/2024,180,dead,10/10/2024,192.5,dead,9/11/2025,192,dead,9/12/2025,,dead,10/01/2025,191,dead,,,,,,,,,,,,,,,,,,,,,,,,,,,,,
146,249,19,Manuka Seedling,14/10/2023,43.5,15/11/2023,46,,12/09/2023,48,,20/01/2024,52,,20/02/2024,51,,20/03/2024,49,,20/04/2024,51,,9/06/2024,52.5,dead,9/07/2024,52,dead,9/08/2024,52.5,dead,10/09/2024,51.5,dead,10/10/2024,51.5,dead,9/11/2025,49.5,dead,9/12/2025,,dead,10/01/2025,49.5,dead,,,,,,,,,,,,,,,,,,,,,,,,,,,,,
147,249,19,Wattle,14/10/2023,26.5,15/11/2023,29,,12/09/2023,30,,20/01/2024,33,,20/02/2024,35,,20/03/2024,40,,20/04/2024,33,,9/06/2024,,,9/07/2024,,,9/08/2024,,,10/09/2024,,,10/10/2024,,,9/11/2025,,,9/12/2025,,,10/01/2025,,,,,,,,,,,,,,,,,,,,,,,,,,,,,,,
148,249,19,Privet,14/10/2023,13,15/11/2023,14,,12/09/2023,15,,20/01/2024,23,,20/02/2024,22.5,,20/03/2024,19.5,,20/04/2024,25.5,,9/06/2024,26,,9/07/2024,32,,9/08/2024,34.5,,10/09/2024,46.5,,10/10/2024,55,,9/11/2025,77,,9/12/2025,101.5,,10/01/2025,123,,,,,,,,,,,,,,,,,,,,,,,,,,,,,,
149,255,11,Manuka Sapling,12/10/2023,84,14/11/2023,92,,12/08/2023,111,,19/01/2024,135,,19/02/2024,134,,19/03/2024,134.5,,20/04/2024,132,,9/06/2024,133.5,,9/07/2024,132,,9/08/2024,130,,10/09/2024,129.5,,10/10/2024,131,,9/11/2025,129,,9/12/2025,119,,10/01/2025,132,dead,,,,,,,,,,,,,,,,,,,,,,,,,,,,,
150,255,11,Wattle,14/10/2023,36,14/11/2023,40,,12/08/2023,47,,19/01/2024,64,,19/02/2024,72,,19/03/2024,84,,20/04/2024,97.5,,9/06/2024,108.5,,9/07/2024,125.5,,9/08/2024,128.5,,10/09/2024,163,,10/10/2024,174,,9/11/2025,207,,9/12/2025,237,,10/01/2025,253.5,,,,,,,,,,,,,,,,,,,,,,,,,,,,,,
151,255,11,Privet,14/10/2023,31,14/11/2023,34.5,,12/08/2023,36.5,,19/01/2024,44.5,,19/02/2024,56.5,,19/03/2024,70,,20/04/2024,72,,9/06/2024,73.5,,9/07/2024,69.5,,9/08/2024,71,,10/09/2024,79,,10/10/2024,91.5,,9/11/2025,90,,9/12/2025,94,,10/01/2025,101,,,,,,,,,,,,,,,,,,,,,,,,,,,,,,
152,255,11,Nightshade,14/10/2023,17,14/11/2023,19.5,,12/08/2023,23.5,,19/01/2024,26,,19/02/2024,26,,19/03/2024,25,,20/04/2024,25,,9/06/2024,,,9/07/2024,7.5,grew back?,9/08/2024,15,,10/09/2024,,,10/10/2024,7,sprouted back,9/11/2025,6.5,sprouted back,9/12/2025,8,,10/01/2025,7.5,grew back,,,,,,,,,,,,,,,,,,,,,,,,,,,,,
,,,,,,,,,,,,,,,,,,,,,,,,,,,,,,,,,,,,,,,,,,,,,,,,,,,,,,,,,,,,,,,,,,,,,,,,,,,,
,,,,,,,,,,,,,,,,,,,,,,,,,,,,,,,,,,,,,,,,,,,,,,,,,,,,,,,,,,,,,,,,,,,,,,,,,,,,
,,,,,,,,,,,,,,,,,,,,,,,,,,,,,,,,,,,,,,,,,,,,,,,,,,,,,,,,,,,,,,,,,,,,,,,,,,,,
,,,,,,,,,,,,,,,,,,,,,,,,,,,,,,,,,,,,,,,,,,,,,,,,,,,,,,,,,,,,,,,,,,,,,,,,,,,,
,,,,,,,,,,,,,,,,,,,,,,,,,,,,,,,,,,,,,,,,,,,,,,,,,,,,,,,,,,,,,,,,,,,,,,,,,,,,
,,,,,,,,,,,,,,,,,,,,,,,,,,,,,,,,,,,,,,,,,,,,,,,,,,,,,,,,,,,,,,,,,,,,,,,,,,,,
,,,,,,,,,,,,,,,,,,,,,,,,,,,,,,,,,,,,,,,,,,,,,,,,,,,,,,,,,,,,,,,,,,,,,,,,,,,,
,,,,,,,,,,,,,,,,,,,,,,,,,,,,,,,,,,,,,,,,,,,,,,,,,,,,,,,,,,,,,,,,,,,,,,,,,,,,
,,,,,,,,,,,,,,,,,,,,,,,,,,,,,,,,,,,,,,,,,,,,,,,,,,,,,,,,,,,,,,,,,,,,,,,,,,,,
,,,,,,,,,,,,,,,,,,,,,,,,,,,,,,,,,,,,,,,,,,,,,,,,,,,,,,,,,,,,,,,,,,,,,,,,,,,,
,,,,,,,,,,,,,,,,,,,,,,,,,,,,,,,,,,,,,,,,,,,,,,,,,,,,,,,,,,,,,,,,,,,,,,,,,,,,
,,,,,,,,,,,,,,,,,,,,,,,,,,,,,,,,,,,,,,,,,,,,,,,,,,,,,,,,,,,,,,,,,,,,,,,,,,,,
,,,,,,,,,,,,,,,,,,,,,,,,,,,,,,,,,,,,,,,,,,,,,,,,,,,,,,,,,,,,,,,,,,,,,,,,,,,,
,,,,,,,,,,,,,,,,,,,,,,,,,,,,,,,,,,,,,,,,,,,,,,,,,,,,,,,,,,,,,,,,,,,,,,,,,,,,
,,,,,,,,,,,,,,,,,,,,,,,,,,,,,,,,,,,,,,,,,,,,,,,,,,,,,,,,,,,,,,,,,,,,,,,,,,,,
,,,,,,,,,,,,,,,,,,,,,,,,,,,,,,,,,,,,,,,,,,,,,,,,,,,,,,,,,,,,,,,,,,,,,,,,,,,,
,,,,,,,,,,,,,,,,,,,,,,,,,,,,,,,,,,,,,,,,,,,,,,,,,,,,,,,,,,,,,,,,,,,,,,,,,,,,
,,,,,,,,,,,,,,,,,,,,,,,,,,,,,,,,,,,,,,,,,,,,,,,,,,,,,,,,,,,,,,,,,,,,,,,,,,,,
,,,,,,,,,,,,,,,,,,,,,,,,,,,,,,,,,,,,,,,,,,,,,,,,,,,,,,,,,,,,,,,,,,,,,,,,,,,,
,,,,,,,,,,,,,,,,,,,,,,,,,,,,,,,,,,,,,,,,,,,,,,,,,,,,,,,,,,,,,,,,,,,,,,,,,,,,
,,,,,,,,,,,,,,,,,,,,,,,,,,,,,,,,,,,,,,,,,,,,,,,,,,,,,,,,,,,,,,,,,,,,,,,,,,,,
